"full_name","stargazers_count","owner.login","owner.avatar_url","description","topics","html_url","created_at","updated_at","pushed_at","git_url","ssh_url","clone_url","svn_url","homepage","size","language","forks_count","open_issues_count","default_branch","license.name"
"stems-arraign-48/neurocursor-ai",41,"stems-arraign-48","https://avatars.githubusercontent.com/u/308924262?v=4","AI-powered, camera-based mouse cursor control written in C++. Turn your webcam into a hands-free pointing device — built for gaming, perfect for everyday use and accessibility.","[""ai"",""computer-vision"",""cplusplus"",""cpp"",""cursor-control"",""eye-tracking"",""face-tracking"",""gamedev"",""gaming"",""gaze-tracking"",""head-tracking"",""machine-learning"",""mouse-control"",""neural-network""]","https://github.com/stems-arraign-48/neurocursor-ai","2026-08-20T20:42:28Z","2026-08-25T17:54:59Z","2026-08-20T22:06:47Z","git://github.com/stems-arraign-48/neurocursor-ai.git","git@github.com:stems-arraign-48/neurocursor-ai.git","https://github.com/stems-arraign-48/neurocursor-ai.git","https://github.com/stems-arraign-48/neurocursor-ai","https://neurocursor-ai.freedev.app/",5247,"C++",0,0,"main",
"radames/relight-three-js-transformers-js",11,"radames","https://avatars.githubusercontent.com/u/102277?v=4",,"[""computer-vision"",""depth-anything"",""depth-estimation"",""machine-learning"",""onnx"",""relighting"",""threejs"",""transformers-js"",""tsl"",""webgpu""]","https://github.com/radames/relight-three-js-transformers-js","2026-08-20T23:21:46Z","2026-08-24T15:12:35Z","2026-08-21T07:29:15Z","git://github.com/radames/relight-three-js-transformers-js.git","git@github.com:radames/relight-three-js-transformers-js.git","https://github.com/radames/relight-three-js-transformers-js.git","https://github.com/radames/relight-three-js-transformers-js","https://radames.github.io/relight-three-js-transformers-js/",341,"TypeScript",2,0,"main",
"TarikurRahman/Weapon-Detection-Suvalince-Robot",8,"TarikurRahman","https://avatars.githubusercontent.com/u/225383465?v=4","Raspberry Pi edge-AI rover using YOLOv12 and OpenCV for live weapon detection, alerts, GPS mapping, Arduino motor control, and robotic-arm operation.","[""arduino"",""computer-vision"",""machine-learning"",""object-detection"",""opencv"",""python"",""raspberry-pi"",""raspberry-pi-4"",""robotics"",""weapon-detection"",""yolo"",""yolo12""]","https://github.com/TarikurRahman/Weapon-Detection-Suvalince-Robot","2026-08-19T08:59:07Z","2026-08-22T02:45:10Z","2026-08-19T09:04:04Z","git://github.com/TarikurRahman/Weapon-Detection-Suvalince-Robot.git","git@github.com:TarikurRahman/Weapon-Detection-Suvalince-Robot.git","https://github.com/TarikurRahman/Weapon-Detection-Suvalince-Robot.git","https://github.com/TarikurRahman/Weapon-Detection-Suvalince-Robot","",9732,"Python",0,0,"main","MIT License"
"SyueFa/H.E.R.A.",8,"SyueFa","https://avatars.githubusercontent.com/u/269534767?v=4","H.E.R.A. (Healing Evaluation and Recognition Architecture) — an on-device edge-AI system for offline wound assessment using YOLOv8 segmentation, HSV tissue analysis, and PUSH-based decision logic.","[""android"",""computer-vision"",""coreml"",""digital-health"",""edge-ai"",""healthcare-ai"",""healthtech"",""hsv-color-space"",""image-segmentation"",""medical-ai"",""mobile-app"",""model-quantization"",""on-device-ai"",""opencv"",""semantic-segmentation"",""tflite"",""tinyml"",""wound-assessment"",""wound-care"",""yolov8""]","https://github.com/SyueFa/H.E.R.A.","2026-08-22T09:22:22Z","2026-08-23T16:02:47Z","2026-08-23T16:00:19Z","git://github.com/SyueFa/H.E.R.A..git","git@github.com:SyueFa/H.E.R.A..git","https://github.com/SyueFa/H.E.R.A..git","https://github.com/SyueFa/H.E.R.A.","",670,"Dart",0,0,"main",
"kamalesh404/VisionCraft",7,"kamalesh404","https://avatars.githubusercontent.com/u/228681348?v=4","Multi-modal AI workspace — image generation, analysis, OCR, and style transfer in one platform","[""ai"",""computer-vision"",""deep-learning"",""image-analysis"",""image-generation"",""multi-modal"",""ocr"",""opencv"",""style-transfer"",""typescript""]","https://github.com/kamalesh404/VisionCraft","2026-08-23T14:10:35Z","2026-08-25T22:34:53Z","2026-08-23T14:37:48Z","git://github.com/kamalesh404/VisionCraft.git","git@github.com:kamalesh404/VisionCraft.git","https://github.com/kamalesh404/VisionCraft.git","https://github.com/kamalesh404/VisionCraft",,21,"TypeScript",0,0,"main","MIT License"
"tainguyen07/image-classifier-tf",6,"tainguyen07","https://avatars.githubusercontent.com/u/33820160?v=4","Transfer-learning image classifier (TensorFlow/Keras) with training pipeline, augmentation, Grad-CAM and a Flask serving API.","[""cnn"",""computer-vision"",""deep-learning"",""image-classification"",""keras"",""machine-learning"",""tensorflow"",""transfer-learning""]","https://github.com/tainguyen07/image-classifier-tf","2026-08-20T16:21:43Z","2026-08-21T00:42:59Z","2026-08-21T00:37:51Z","git://github.com/tainguyen07/image-classifier-tf.git","git@github.com:tainguyen07/image-classifier-tf.git","https://github.com/tainguyen07/image-classifier-tf.git","https://github.com/tainguyen07/image-classifier-tf",,60,"Python",0,0,"main","MIT License"
"TimXa/Opticus",5,"TimXa","https://avatars.githubusercontent.com/u/179484290?v=4","Нативное macOS-приложение, которое меняет масштаб интерфейса по наличию очков.","[""accessibility"",""apple-vision"",""computer-vision"",""coreml"",""macos"",""swift""]","https://github.com/TimXa/Opticus","2026-08-25T00:11:19Z","2026-08-25T22:03:16Z","2026-08-25T04:01:19Z","git://github.com/TimXa/Opticus.git","git@github.com:TimXa/Opticus.git","https://github.com/TimXa/Opticus.git","https://github.com/TimXa/Opticus","https://t.me/SteelRework",20286,"Swift",0,0,"main","MIT License"
"AhmadJeddi/YOLO-Guide",5,"AhmadJeddi","https://avatars.githubusercontent.com/u/76421360?v=4","A practical and technical guide to the YOLO ecosystem — architecture, major versions, independent branches, benchmarks, and the evolution from anchor-based to anchor-free, end-to-end, NMS-free, and open-vocabulary detection.","[""computer-vision"",""deep-learning"",""machine-learning"",""neural-networks"",""object-detection"",""yolo"",""yolo-world"",""yolo11"",""yolo26"",""yoloe"",""yolov10"",""yolov8""]","https://github.com/AhmadJeddi/YOLO-Guide","2026-08-23T13:41:29Z","2026-08-25T19:18:42Z","2026-08-23T13:41:35Z","git://github.com/AhmadJeddi/YOLO-Guide.git","git@github.com:AhmadJeddi/YOLO-Guide.git","https://github.com/AhmadJeddi/YOLO-Guide.git","https://github.com/AhmadJeddi/YOLO-Guide","",23,,0,0,"main","MIT License"
"yyyy231209/zero-copy-tri-core-npu-inference",4,"yyyy231209","https://avatars.githubusercontent.com/u/301152731?v=4","Tri-core NPU tunnel crack detection on Rockchip RK3588: packed-strips 3-in-1 inference (~2.9x), rknn_set_core_mask CORE_0/1/2, DMA-BUF full-chain zero-copy, consumes panorama DMA-BUF","[""computer-vision"",""cpp"",""crack-detection"",""dma-buf"",""embedded"",""linux"",""mpp"",""npu"",""npu-inference"",""opencv"",""rga"",""rk3588"",""rknn"",""yolo"",""yolov8"",""zero-copy""]","https://github.com/yyyy231209/zero-copy-tri-core-npu-inference","2026-08-20T07:27:09Z","2026-08-25T10:44:28Z","2026-08-20T09:08:20Z","git://github.com/yyyy231209/zero-copy-tri-core-npu-inference.git","git@github.com:yyyy231209/zero-copy-tri-core-npu-inference.git","https://github.com/yyyy231209/zero-copy-tri-core-npu-inference.git","https://github.com/yyyy231209/zero-copy-tri-core-npu-inference",,22797,"C++",1,0,"master","MIT License"
"yyyy231209/zero-copy-vpu-gpu-rga-stitch",4,"yyyy231209","https://avatars.githubusercontent.com/u/301152731?v=4","Zero-copy four-camera real-time panorama stitching on Rockchip RK3588: VPU(MPP) hardware decode -> Mali GPU OpenCL warp -> RGA blend, DMA-BUF zero-copy","[""camera"",""computer-vision"",""cpp"",""dma-buf"",""embedded"",""linux"",""mali-g610"",""mpp"",""opencl"",""opencv"",""panorama"",""panorama-stitching"",""rga"",""rk3588"",""v4l2"",""vpu"",""zero-copy""]","https://github.com/yyyy231209/zero-copy-vpu-gpu-rga-stitch","2026-08-20T06:56:53Z","2026-08-25T10:44:39Z","2026-08-20T09:24:20Z","git://github.com/yyyy231209/zero-copy-vpu-gpu-rga-stitch.git","git@github.com:yyyy231209/zero-copy-vpu-gpu-rga-stitch.git","https://github.com/yyyy231209/zero-copy-vpu-gpu-rga-stitch.git","https://github.com/yyyy231209/zero-copy-vpu-gpu-rga-stitch",,6090,"C++",2,0,"master","MIT License"
"Lycorius03/EdgeSentinel",3,"Lycorius03","https://avatars.githubusercontent.com/u/239981881?v=4","面向资源受限 MCU （OpenMV）的不确定性驱动计算自适应连续视觉跟踪框架","[""computer-vision"",""embedded"",""kalman-filter"",""mcu"",""openmv"",""stm32"",""tracking"",""uncertainty""]","https://github.com/Lycorius03/EdgeSentinel","2026-08-23T09:16:40Z","2026-08-23T11:06:01Z","2026-08-23T09:17:11Z","git://github.com/Lycorius03/EdgeSentinel.git","git@github.com:Lycorius03/EdgeSentinel.git","https://github.com/Lycorius03/EdgeSentinel.git","https://github.com/Lycorius03/EdgeSentinel","",5142,"Python",0,0,"main","MIT License"
"Anandb71/Crowdent",3,"Anandb71","https://avatars.githubusercontent.com/u/169837340?v=4","Offline, uncertainty-aware crowd-crush forecasting research platform. Human advisory only; not deployment certified.","[""computer-vision"",""crowd-safety"",""disaster-management"",""fastapi"",""forecasting"",""python"",""react"",""research""]","https://github.com/Anandb71/Crowdent","2026-08-24T09:26:22Z","2026-08-24T23:04:21Z","2026-08-24T23:04:12Z","git://github.com/Anandb71/Crowdent.git","git@github.com:Anandb71/Crowdent.git","https://github.com/Anandb71/Crowdent.git","https://github.com/Anandb71/Crowdent","https://github.com/Anandb71/Crowdent",420,"Python",0,0,"main","Apache License 2.0"
"samyak816/DeskAnchor",3,"samyak816","https://avatars.githubusercontent.com/u/248724761?v=4","DeskAnchor bridges the gap between physical workspace and digital productivity by using AI to transform captured work context into Bug Reports, Handoffs, and Documentation.","[""ai"",""android"",""camerax"",""computer-vision"",""flask"",""jetpack-compose"",""kotlin"",""ocr"",""qwen"",""workflow-automation""]","https://github.com/samyak816/DeskAnchor","2026-08-20T16:33:25Z","2026-08-23T19:13:58Z","2026-08-23T19:13:53Z","git://github.com/samyak816/DeskAnchor.git","git@github.com:samyak816/DeskAnchor.git","https://github.com/samyak816/DeskAnchor.git","https://github.com/samyak816/DeskAnchor","",155,"Kotlin",0,0,"main",
"sea-deep/sih2026-problem-statements",2,"sea-deep","https://avatars.githubusercontent.com/u/122673793?v=4","Interactive research explorer, multi-tag search, and normalized JSON/CSV dataset for all 226 Smart India Hackathon (SIH) 2026 problem statements.","[""ai-ml"",""blockchain"",""computer-vision"",""cybersecurity"",""data-scraper"",""dataset"",""gis"",""government-of-india"",""hackathon"",""hackathon-projects"",""iot"",""json-dataset"",""machine-learning"",""nlp"",""problem-statements"",""research-tools"",""sih"",""sih2026"",""smart-india-hackathon"",""smart-india-hackathon-2026""]","https://github.com/sea-deep/sih2026-problem-statements","2026-08-21T12:56:13Z","2026-08-22T09:53:01Z","2026-08-21T18:46:38Z","git://github.com/sea-deep/sih2026-problem-statements.git","git@github.com:sea-deep/sih2026-problem-statements.git","https://github.com/sea-deep/sih2026-problem-statements.git","https://github.com/sea-deep/sih2026-problem-statements","https://sih26ps.vercel.app",2591,"JavaScript",0,0,"main",
"zidniryi/unbagrnd",2,"zidniryi","https://avatars.githubusercontent.com/u/19811857?v=4","Unbagrnd - Free, Fast & Open-source AI-powered background remover for Windows, macOS, and Linux.","[""ai"",""ai-tools"",""background-removal"",""computer-vision"",""cross-platform"",""free-software"",""image-editing"",""image-processing"",""linux"",""machine-learning"",""macos"",""onnx"",""onnxruntime"",""open-source"",""u2net"",""windows""]","https://github.com/zidniryi/unbagrnd","2026-08-24T14:30:32Z","2026-08-25T16:19:23Z","2026-08-25T06:47:40Z","git://github.com/zidniryi/unbagrnd.git","git@github.com:zidniryi/unbagrnd.git","https://github.com/zidniryi/unbagrnd.git","https://github.com/zidniryi/unbagrnd","https://zidniryi.space/unbagrnd/",9944,"Rust",0,0,"main","MIT License"
"linkhesh/Ai-Crowd-Safety-yolov8",2,"linkhesh","https://avatars.githubusercontent.com/u/263147937?v=4","AI-powered real-time crowd monitoring system using YOLOv8, OpenCV and Flask for overcrowding detection and safety alerts.","[""artificial-intelligence"",""computer-vision"",""crowd-detection"",""crowd-monitoring"",""flask"",""machine-learning"",""object-detection"",""opencv"",""python"",""yolov8""]","https://github.com/linkhesh/Ai-Crowd-Safety-yolov8","2026-08-24T05:21:57Z","2026-08-24T07:03:44Z","2026-08-24T06:26:41Z","git://github.com/linkhesh/Ai-Crowd-Safety-yolov8.git","git@github.com:linkhesh/Ai-Crowd-Safety-yolov8.git","https://github.com/linkhesh/Ai-Crowd-Safety-yolov8.git","https://github.com/linkhesh/Ai-Crowd-Safety-yolov8","",1515,"Python",0,0,"main",
"maituananh511/Chart-Question-Answering-System-for-Document-Image-Analysis",2,"maituananh511","https://avatars.githubusercontent.com/u/135861515?v=4","Chart VQA is an intelligent chart question-answering system designed to help users understand information presented in charts and graphs. The project combines computer vision, optical character recognition, and vision-language models to analyze an uploaded chart and answer questions about its content in Vietnamese or English.","[""chart-question-answering"",""chart-understanding"",""computer-vision"",""deep-learning"",""document-understanding"",""fastapi"",""fine-tuning"",""model-quantization"",""multimodal-models"",""nlp"",""vision-language-model"",""visual-question-answering"",""vlm""]","https://github.com/maituananh511/Chart-Question-Answering-System-for-Document-Image-Analysis","2026-08-20T11:31:46Z","2026-08-24T14:02:02Z","2026-08-24T13:59:10Z","git://github.com/maituananh511/Chart-Question-Answering-System-for-Document-Image-Analysis.git","git@github.com:maituananh511/Chart-Question-Answering-System-for-Document-Image-Analysis.git","https://github.com/maituananh511/Chart-Question-Answering-System-for-Document-Image-Analysis.git","https://github.com/maituananh511/Chart-Question-Answering-System-for-Document-Image-Analysis","",7203,"Jupyter Notebook",0,0,"main","Apache License 2.0"
"petrichor0824/Tubulin-Analyzer",2,"petrichor0824","https://avatars.githubusercontent.com/u/168904045?v=4","Quantitative analysis of cytoskeletal fiber (microtubule/microfilament) orientation in microscopy images via structure tensor, orientation entropy and GLCM contrast.","[""bioinformatics"",""computational-biology"",""computer-vision"",""cytoskeleton"",""image-analysis"",""image-processing"",""microscopy"",""microtubule"",""scientific-software""]","https://github.com/petrichor0824/Tubulin-Analyzer","2026-08-20T07:45:23Z","2026-08-25T13:38:51Z","2026-08-20T08:01:52Z","git://github.com/petrichor0824/Tubulin-Analyzer.git","git@github.com:petrichor0824/Tubulin-Analyzer.git","https://github.com/petrichor0824/Tubulin-Analyzer.git","https://github.com/petrichor0824/Tubulin-Analyzer",,24,"Python",0,0,"main","MIT License"
"aysark/opendryfire",2,"aysark","https://avatars.githubusercontent.com/u/654356?v=4","Improve your marksmanship: Laser dry fire scoring with acoustic timing","[""computer-vision"",""dry-fire"",""firearms-training"",""laser-training"",""marksmanship"",""opencv"",""python"",""shooting-range"",""shot-timer"",""uspsa""]","https://github.com/aysark/opendryfire","2026-08-22T04:00:47Z","2026-08-25T01:29:18Z","2026-08-24T03:37:08Z","git://github.com/aysark/opendryfire.git","git@github.com:aysark/opendryfire.git","https://github.com/aysark/opendryfire.git","https://github.com/aysark/opendryfire","",8067,"Python",1,0,"main","Apache License 2.0"
"Anil-matcha/Image-Enhancement-API",2,"Anil-matcha","https://avatars.githubusercontent.com/u/4326215?v=4","Compare Muapi image enhancement APIs with runnable examples","[""ai"",""api"",""background-removal"",""computer-vision"",""developer-tools"",""generative-ai"",""image-api"",""image-enhancement"",""image-processing"",""image-upscaling"",""javascript"",""media-processing"",""muapi"",""open-source"",""python"",""rest-api"",""seedvr2"",""super-resolution"",""topaz"",""video-background-removal""]","https://github.com/Anil-matcha/Image-Enhancement-API","2026-08-20T12:54:05Z","2026-08-22T23:26:51Z","2026-08-20T12:54:09Z","git://github.com/Anil-matcha/Image-Enhancement-API.git","git@github.com:Anil-matcha/Image-Enhancement-API.git","https://github.com/Anil-matcha/Image-Enhancement-API.git","https://github.com/Anil-matcha/Image-Enhancement-API",,3,,0,0,"main","MIT License"